model,sentiment,macro_f1,accuracy,custom_cost,precision_up,precision_down
lstm,1,0.324981,0.440789,0.651316,0.555556,0.352941
attention,1,0.389626,0.434211,0.802632,0.432432,0.296296
logreg,1,0.367169,0.388158,1.019737,0.353846,0.242424
lstm,0,0.291851,0.388158,0.914474,0.000000,0.274194
attention,0,0.359204,0.394737,0.921053,0.384615,0.260870
logreg,0,0.370199,0.375000,1.138158,0.338710,0.240000
