model,sentiment,macro_f1,accuracy,custom_cost
lstm,1,0.324981,0.440789,0.651316
attention,1,0.389626,0.434211,0.802632
logreg,1,0.367169,0.388158,1.019737
lstm,0,0.291851,0.388158,0.914474
attention,0,0.359204,0.394737,0.921053
logreg,0,0.370199,0.375000,1.138158
